age,tenure,monthly_charges,total_charges,churn
52.450712295168486,42.045719377037855,70.85909200797292,2930.031307445544,0
42.92603548243223,31.680249489930894,98.62022628073817,3110.105618430785,0
54.715328071510385,17.44840486500362,41.340182507759486,781.0583846823752,0
67.84544784612038,9.632161543913746,47.67772942848157,503.9719512808385,0
41.48769937914996,31.100605761774766,115.63003430967828,3527.521138711741,1
41.487945645762295,26.28502670464911,45.794246464322164,1221.276986251601,0
68.68819223261087,40.11517356340847,81.0954586137949,3154.2471350278506,0
56.51152093729363,19.35003205838232,82.13830199957441,1591.725522015872,0
37.95788421097572,50.62393555572168,74.06620158452203,3844.410966709233,0
53.13840065378947,19.35447008082443,88.02707237191368,1656.3227026613208,1
38.04873460781307,9.59207784323348,50.68440532178566,444.4526090099862,0
38.01405369644615,11.167708129511864,79.73960409990734,928.7101140292358,1
48.629434073490515,24.36863580665577,63.49559297222074,1470.1609047072168,0
16.300796330133032,10.30316616584649,89.55005336662701,891.011328502527,1
19.126232512304508,50.39627468568607,42.71011890358345,2182.252941002392,0
36.56568706138541,22.9580062788638,81.37896751555286,1836.5845548050456,0
29.80753319498364,17.162119421076735,46.67433198449913,789.231960056407,1
49.71370998892911,18.264785626208003,55.07787568035327,1043.1948775643395,0
31.37963886718184,13.559867559056148,49.683882029122486,694.7841643114988,0
23.815444479970626,3.0731420703545376,46.455400188193536,156.10496452826376,0
66.98473153382331,11.17462323726004,104.31398564046003,1148.7133739455928,1
41.61335549270196,46.363566576984276,55.71368108948013,2601.5880182044298,0
46.012923070318855,19.735499916874105,113.44114036780044,2232.6309822938415,1
23.628777206798148,34.168726369265954,117.29338728106718,4030.655935427413,1
36.834259132122256,34.830957304750875,81.41344229433875,2810.8615313310133,0
46.663838845647994,16.17445108801306,42.870101039915376,684.271903689312,0
27.735096338665457,26.586170153489185,63.709341904162315,1644.2895146032772,0
50.63547027518508,3.4750650936714496,101.79590370133926,351.99701113095256,0
35.99041965121793,43.9194818501262,63.06516558273634,2729.2393520047503,0
40.62459375310085,41.58652107975392,37.83154964725099,1517.5802143770604,0
35.97440081655905,23.892713429439407,80.11064198353691,1926.993668953834,0
72.78417276763406,20.26353485940634,106.06087663464314,2159.8052596981697,1
44.79754162893099,16.338936943238597,101.63337484291522,1699.7249896343521,1
29.134336065661493,36.85355010846833,45.761082611731794,1664.9020725704618,0
57.338173681547836,28.74615960790161,90.548815297122,2623.33333917931,0
26.687345250434667,12.411793205236062,49.845383709208235,646.2104734480183,0
48.132953925071334,5.987959174790392,49.638678109695505,319.4730684029979,1
15.604948141803366,4.917146549287276,108.66645959746667,493.0462226928413,1
25.077209266523543,36.59336547082129,52.470205746620714,1927.5295893288387,0
47.952918538036855,16.06823343229997,53.69226118662101,880.9468010573788,0
56.07699869993115,23.61494139580177,30.05880516851696,710.1958458277486,0
47.57052421784956,17.678235092404393,108.36021307129658,1811.2934384188582,1
43.265275764176394,4.984328842022304,101.33353318882213,513.1041333357446,1
40.48344456616067,3.5657701413069716,86.45960415816103,418.92162690625275,1
22.822170144488588,11.728154731747642,97.52391875449581,1125.7736457612637,1
34.20233687407937,12.55862258781274,43.684371068204264,512.2116743387774,0
38.09041843560319,12.5521500259383,71.2491235128818,912.9971155358703,0
60.856833393283736,12.84966079178995,61.60974486139028,807.2832334609176,1
50.15427434352692,60.423228373968804,38.43988736313148,2382.298851082952,0
18.55439766955899,33.819597623538066,73.75174366934317,2431.3608871360625,0
49.86125954092192,19.943395206268132,112.86656853083718,2287.5115944145814,1
39.22376579375525,15.759282205878868,33.6053207145625,559.1168358224305,1
34.84616999541062,16.190733180785987,56.23148221444145,903.321598047107,0
54.175144332613016,28.027033758895676,48.678684258513314,1381.2534929480607,0
60.46499283743927,15.64618645023267,51.43319882991267,856.2062927046204,0
58.96920178674298,31.5159922484133,111.75910966914377,3565.8150030237293,0
32.41173715166042,21.55192832176961,72.12621488108611,1497.308047634034,1
40.36181436223178,60.778150838746996,71.9669471645837,4415.025879510978,0
49.96895147105346,14.928742879696486,98.4518078209754,1466.5272947490073,1
59.63317690683539,35.457241784813306,43.90429836044332,1560.3690272595968,0
37.81238643232065,6.52359796803995,73.85388186900457,485.4528832425855,1
42.215115350042744,9.841175190526835,68.69866927089538,668.563490211031,1
28.404975389909577,55.60010576146702,83.72196214919904,4714.535324908359,0
27.056900638789937,30.611546130678047,119.96019329253947,3667.981092827167,0
57.18788733591297,23.919833952029887,99.25040046738424,2318.075792433142,0
65.34360042856234,70.9322082450325,65.80791327156845,4648.224115551445,0
43.91984817629499,15.933822735996745,104.47977470466422,1673.69694548152,0
60.052993468380365,35.40053486415088,45.363752698123214,1667.3618481734818,0
50.424540375714514,37.167806091308805,32.741731767806414,1247.093071686916,0
35.323203680923136,47.89814022771347,48.400353521784574,2275.760156119991,0
50.42093408262621,5.81559678315259,60.637040050283375,476.90007089026733,1
68.07054849698955,15.852280903010094,75.95226817136039,1217.2554558220565,1
44.46260941335073,21.28144786286913,85.36162264870799,1880.3884587883385,0
68.4696548372101,47.38536456383721,111.95451454929795,5297.4197648070385,1
5.703823438653835,23.23417732568858,75.8868608595412,1789.8367441357088,0
57.32853756562836,37.221604369442495,75.11480801631564,2837.867091495849,0
46.30570602357257,5.310970112563101,34.52187088406839,244.25436008276233,1
40.51488974301199,13.112726386805228,33.142039739060145,487.4509142678327,0
46.37641164803254,41.482475927782325,79.60439657247349,3345.797314566918,0
15.186466280986608,14.530677936741865,69.43607519235101,993.1989092517387,0
41.70492168243732,16.86860141328341,105.52623554822688,1751.492704009495,1
50.3566885726762,46.88948622894229,44.46116262406606,2101.391448100119,0
67.16841067112274,7.949285655736633,32.247449590534465,303.0005920811792,0
37.22594672589529,9.703772566074672,70.41348911371134,672.1404489043994,1
32.87259595660218,4.756396092250043,51.37307010770317,297.6092681928862,1
37.47364434623195,48.122486405910976,34.46529360049537,1731.186460039878,0
58.731031765531114,33.397871157431695,95.21384581628661,3134.1237090222357,0
49.93126664489527,32.8255611555946,40.04336999615227,1272.6000554949842,0
37.05359694349442,12.814996635457838,84.74875500069945,1079.036257247937,0
52.699011496700344,4.393975177119621,55.29447751502002,258.34319504225687,0
46.456163240220604,3.1711331748392944,45.61464453195198,118.4217618454222,0
59.52967485799334,41.68590916477112,64.17763706273857,2742.9132829503255,0
34.469203591839715,25.05812495287139,102.13011986006583,2580.392647981184,1
40.085067801033475,28.509706239571827,65.28842192141154,1863.3260822367017,0
39.118377703017636,20.566772889678738,97.56926842899502,1934.889508597816,0
23.04727577801822,8.704940774832725,41.29376671192356,293.6690027756783,0
49.44180415596864,13.29941858205381,99.54942776985712,1337.9999720293515,1
48.91582908269834,6.884538232426673,51.32399924159838,246.7122537120798,0
45.07670184963691,6.0934901793373095,90.96538168999855,604.9285304698797,0
41.481192999372794,31.555272957991424,80.92033993568967,2545.5557223055257,0
23.769438869243785,3.501878004241496,113.62302454905186,560.0486189234529,1
38.69032015851961,6.928336264252287,64.85902661777826,564.760958710863,0
39.85928225209846,13.93161347207582,35.95486699509964,491.83685595324863,0
32.96584096167572,18.064407609842515,31.723993699612762,567.758303075315,0
42.580714325009865,4.695462051355528,104.41727048754778,540.0664067805076,1
51.060762852218076,23.024415157399787,77.2262073895289,1863.2468904638704,1
73.29278851815795,19.727731584153744,99.77196466514543,1886.3730856658601,0
47.61866719247759,41.20883870333258,51.098304001036325,2016.3829943248256,0
48.86325586084146,18.295901003970947,61.05753709619104,1086.0009139804758,1
43.883311263507494,24.71053047011987,32.7093484990187,837.4022319014645,0
16.21843177051438,9.147389243520024,116.53430921167009,1090.8283661092473,0
44.602291868261744,9.489873300321952,90.10811160307321,908.6031351936276,1
45.9034531491154,5.2136652425274566,113.98845789833756,534.3127845756014,1
81.94863168727929,9.226250437245763,53.89467666861651,381.4385910305983,0
42.114585528283165,13.141505750044464,85.03172501030947,1160.3456129242888,1
49.523210135004184,38.52177833026465,91.0649971463374,3466.575820069131,1
44.47932345442135,8.041168821276495,58.579473023182956,370.1230388213944,0
27.46982943570702,62.53124725445366,106.32983115140671,6656.190149550891,0
62.14234221772531,26.260634785546383,115.24453166102231,3066.053341392378,0
56.27899549030161,22.59988302376975,109.63696059264039,2471.6796278692627,0
56.865479205645705,17.23869261353149,96.51602783454352,1640.9177168096207,0
31.359188178078917,14.839999605259312,54.971821175245864,807.8136929337388,0
66.04191466404149,10.455760858160188,55.34544378950686,560.1495867317915,1
23.972234058115788,4.499749034924835,116.70242884014341,457.7292859498112,1
53.80285640700406,8.295328813709407,30.925604634212284,220.80402535404474,0
77.85683438714968,48.046655335422926,94.44449759179301,4563.80621937075,0
30.141955123039676,25.14419151279887,93.5621546299736,2368.628661434983,0
36.50553405595842,47.76687023859302,86.04205868548178,4118.362842589155,0
46.49477047631462,10.228577337741571,119.10979614781792,1168.5663374879196,1
37.44786518825701,6.698874445846824,58.06914921873527,379.92278168666843,1
21.74004853400801,17.110565984939715,60.597467741392336,928.0037179872068,0
46.02844462209041,8.571590896215186,37.104546265189995,326.96882416916725,0
29.065444294108428,19.870681768978354,69.85183228893638,1459.44641578418,0
52.10388645952772,3.5689402440632527,53.49436736113633,117.2115939037579,1
31.208636486492953,1.9039868549978474,60.90480319598798,86.66556102550422,1
68.24901607526309,21.977125554198853,105.11146112300649,2326.5031172211116,0
33.251200614956446,48.926830625632434,114.19360621747461,5649.773361653922,0
40.16907725691487,22.682541596035808,46.71597648046671,1037.2258489026092,0
57.202758260545046,24.963664421364182,63.52580383981193,1551.2243326911782,0
26.53703525349067,17.66727407921899,113.57675059038547,1908.1454245866335,1
48.41189901906194,18.950109439457986,35.56276146203004,679.0901281402134,0
64.60714131423643,4.267071178461096,38.312447530024066,265.5857426388559,1
20.88775148158159,8.860203864059121,44.651189028560644,409.48656066392107,1
47.769507877984566,38.25948177597124,83.56915507141872,3196.198616529073,0
48.89824191372635,12.906477758675463,43.542504390539776,578.0844800118795,0
56.72734307665966,37.74519644784035,117.12687433056601,4420.4222807312935,1
26.445739336828773,18.56398630568825,70.20430745326684,1262.6210835497666,0
25.193150803735854,19.27098509398154,75.13661643151497,1489.1206110478186,0
52.829123484253465,12.986026433926366,52.19927542248658,689.1492466238013,0
49.45477009849779,27.5815652286691,72.38642271912602,1997.4115024942719,0
48.75739275518815,32.31978467590632,89.57222693733104,2846.1867861920423,0
50.19672314245464,8.439547637154101,97.60594232586385,888.9253965251817,0
34.79962917632264,4.710972390550739,97.84812744389217,494.1949641219216,0
48.48380545741505,2.424057570202989,82.01020014246795,171.1514046208466,1
49.39608709948022,24.122598502524237,111.39237974944714,2737.164895620722,0
34.28472872960448,22.203338482234322,103.56670625754984,2274.648092607254,1
72.98661766717134,74.01304238390857,98.1343303228763,7224.120174877976,0
52.10749381367681,17.74555648456041,35.00449695124146,583.1891219878636,0
27.130447541960272,15.422326508261806,30.61901659976844,383.6630437091125,0
54.84830412950745,20.36250020228679,49.12025494759257,1023.7883203276426,0
30.379774946590178,21.174283575578396,89.7171234522107,1808.138569645367,0
56.806269056136784,14.508445830370704,67.00777399942913,910.7564677211519,1
62.378933685111065,8.690040978161374,66.21656333693807,471.64524837708313,0
32.68976522472434,17.033137523448573,109.61281994066523,1862.7467517428124,1
59.45064193866483,16.549217895661958,110.60065633186548,1822.8383380256726,1
51.191713904047475,16.34565335032281,111.82577376482271,1811.5305229320966,1
57.33090239991735,29.610014786272977,58.24902688635245,1672.6256626573795,0
73.4518947398092,16.800675988254568,92.19502314653356,1490.3270239427084,1
41.31917825995694,4.819649287779492,54.44698631469326,285.63387199067984,1
33.693957534637654,9.971286434491946,47.15488497670048,442.6672683027772,0
31.65728355561715,14.367529931794271,46.61692116126323,685.5879261893505,0
32.762845725518424,17.408763588943316,60.789685877723464,1014.0108357852027,0
43.843474358788434,24.482855504224727,68.69618578018395,1690.931927286175,0
50.117279622249654,17.51296117401899,104.78542539495615,1900.2669884107338,1
49.150361989950284,1.9600571583978346,40.790198412544086,109.25941041061418,0
57.40774873554036,5.419591501155571,96.14332626554048,500.43686301072637,1
45.19502837816861,25.673373858164275,77.83094227703748,2011.042827329383,0
66.80301115735975,14.060200886606664,55.91508084083932,774.1440104865417,1
41.03014750143066,18.6605713321412,74.35376260795422,1387.8777001935591,0
85.80253749884429,12.682673612752602,56.99478627993204,706.5657194095429,0
54.385010216475095,9.935667908520703,83.64737597144753,822.8757887772074,1
32.14263665375576,13.058820662191293,69.04595305697198,912.2633860747845,0
28.936612529083316,18.826802309868306,44.796497617099085,793.7068698325137,0
52.23708622864778,16.70602155332514,40.4924767100127,625.6742473154895,0
41.64805822011223,32.1764921714745,79.20261138649171,2479.035077546227,0
55.71000741138138,3.907161918018157,111.21717299574931,354.5299477334436,1
52.09856436860317,4.515537640869748,60.956191790191696,214.38584386166212,1
43.90756631014691,13.930098473183108,95.97000965003609,1344.8448102375423,1
32.29809422897392,24.67973595615,89.27952194457902,2158.755652108916,1
22.277291629712032,28.513890111098277,113.83994228785329,3271.7003278611733,1
38.302275718994686,10.276859246612148,103.88829155692268,1069.3810371391276,1
57.84598191485209,0.604388272942458,80.99447330149167,-49.473100835330115,0
48.21140616195306,10.562531319109237,89.13274484106967,974.2161881530551,1
26.31391831932018,22.25379102803105,110.85478199256313,2507.479085200025,0
47.59771388776773,16.46979763917663,65.95669061282413,1036.6002136012517,1
50.77976069593255,25.319653584875972,59.41152352719996,1525.2887718031611,0
31.742138456983007,37.37845439505507,30.97299752716767,1114.8978636769302,0
47.305876589182915,14.702687773574652,104.38959667723178,1539.6911655921415,1
45.87313077669,11.573925361436736,102.08826303630283,1118.3370163131415,0
27.855445532540653,7.654774486548787,39.400906629013626,211.94973218393562,1
50.36681040522425,4.488443460730651,81.91716430194302,348.53970095200606,1
53.41176789552352,3.3090542768040425,71.75835283501986,231.26583703139417,1
61.245768647629156,9.435241746088307,40.68381859582003,363.9776789248347,0
60.80703078052355,34.01907186040668,118.25114043546512,3963.5925161380023,0
24.334959480643633,27.039980721253873,49.32262987170199,1313.6880077458054,0
30.93262440127316,11.127960328058577,36.051076208150505,414.63968345715193,0
52.7255290081299,62.91102951167047,83.53626415517186,5253.107728054591,0
52.706789263683135,10.006133838412776,96.49800094197295,974.696964094624,1
52.72571529459072,39.75333737840822,32.91991014424683,1275.1705344084157,0
102.79097235982081,46.04572675875464,89.28458748543198,4169.759614858133,0
53.56335766039751,23.33804882923843,77.9062688356309,1759.3716393619911,1
62.03348460270898,9.359092111294121,39.293850798754356,392.132783887326,0
59.310026452398034,12.381264414677949,45.52714892517258,622.7782235369808,0
54.77086876958697,19.166375612215138,81.11768675844725,1578.777457843855,0
40.27096133039482,4.623151963586022,56.672185216195956,251.87791300972555,1
56.38453830739901,7.006818994574141,114.44841557861845,775.5044798420299,1
33.40762178193643,6.47532685559026,103.68662065356457,723.2091418357393,1
41.44772089889987,24.599150784510883,118.52104858622967,2844.3683990479203,1
37.71954678256345,37.13859043750958,53.370375505537254,1933.594304377259,0
46.22811209079484,27.77790746257515,117.27512695181794,3237.7797358547655,0
79.71987850010262,33.11612310985135,68.8110482812402,2340.6378340750757,0
16.99102211112378,8.681263156159774,61.276691578237916,550.9474667315676,1
55.2939028556177,12.838323223994827,34.53145742724179,394.92372392103465,0
20.809261932155223,13.63362277754456,34.748873207364234,458.2376439846837,0
37.9210220131585,23.272113633934055,92.28101303519892,2116.8580644048843,0
61.33425895451049,9.662814764084999,71.21360949906251,652.6344676596483,1
45.96420028643194,31.743811600981605,50.38694634324951,1648.4182097967205,0
28.83382833106041,45.21092258532748,85.25732756927093,3785.975280103039,0
34.27044436110047,24.12002877681634,52.75723064251001,1352.9449640691969,0
55.19396623402014,12.385170401301796,81.98685789099804,1056.8326901565565,1
34.04450052424295,8.010532711194987,62.32878722844213,553.8298724727329,0
48.246878843729625,6.4897849703399775,104.11970039506372,652.567491138923,1
45.68357759855721,1.9884236107727962,103.86265446901014,199.02591846976097,1
35.22599478591275,13.97036458943724,72.96153583101612,947.6416658383484,0
77.15916133987989,13.342355838343952,61.5737198401514,795.3053600444587,1
54.50878533477017,30.426158559178546,62.63038169031851,1930.2846663136613,0
14.622861200135894,10.215562672366127,102.51430731013961,1112.0444842300021,1
47.796814721541416,14.600894417512666,59.53615345178508,813.9232497342238,1
35.07320302847418,20.58740302021984,48.81534363361614,986.7058561065148,0
57.78650002194336,23.842601296725682,37.621950768777616,889.4402111733808,0
33.11218892350949,28.067905631288582,72.00238087959676,1951.1665716469947,0
43.278953377996515,19.114576067035646,73.39188890278577,1432.4223052236478,1
52.57480918470686,4.904853143919197,105.68178393626164,482.15411360763164,1
57.98632791255182,22.377435337825354,49.91148268014576,1107.1214587311006,1
26.995553894163358,9.592623709511827,64.28921463015598,594.104775931535,0
39.98248146238578,38.3087001885938,102.75651650043218,3897.0016577533643,0
37.87582033258566,16.942792569360197,104.12612496740762,1763.8350871000373,1
35.200061511394324,19.971987217638375,64.61499683808914,1279.7094119896592,0
71.48181360421646,77.86890426519233,71.32116209580127,5535.107849206279,0
51.07472566441433,28.40666620563927,57.29573017643546,1591.1576010463582,1
26.086740684974323,22.08755914010158,113.92993905773808,2532.4105003051063,1
58.767929205821645,14.942346337903922,40.67793891674223,690.504715030677,0
76.8323429551895,5.330928421299706,114.0374480701323,614.9198346515141,0
60.486978908267204,14.111203792588372,91.54798066518089,1341.658122711864,1
22.2094505106898,7.921269581210111,77.8414937418058,547.0923602752505,0
37.73648890700623,48.8562507300951,32.939315470604626,1617.1795274742485,0
64.00366723779933,22.29870970733648,72.80365726398074,1568.559203013372,0
34.38495801571829,37.37978124079204,66.6973294502459,2419.2853378186333,1
51.657291422193424,9.968805311083667,44.50969307776103,406.73989437533623,0
56.61951080144005,8.448500080596727,89.07686431505911,812.1608620657591,1
31.096042926328757,26.514985705218717,117.40358166314572,3160.455080973269,0
44.107119659073,7.634124414580978,80.59699299580726,627.4377080738243,1
-3.619010101036089,11.63298633833275,94.32779487995512,1020.6789211690752,0
29.634185379985652,50.38063732044881,36.16054073094151,1811.9770553074845,1
41.2114777291026,12.021438542044454,67.59002962352952,827.6143876193108,1
26.283252270527257,4.242905896438001,40.47226366480463,180.4968176245229,1
69.48616955897452,2.7033437165100533,85.15162519828593,138.0044317563681,1
23.54787933059051,3.7105019257673333,114.46339423927391,380.20075235369774,1
38.39933269954524,38.85770739589803,89.55999592244746,3476.8922277248485,0
46.96110865929137,10.509150343082672,36.91227434829794,414.7311861072365,0
66.61909933599173,76.3105158632298,61.919958448657454,4615.337580391807,0
23.46206773230841,45.55433298523212,79.55970414967663,3616.18305626693,0
62.447456282324396,58.296050976829896,66.2886980519927,3871.5217593205984,0
45.1534959152938,33.691036921119604,105.0279609427655,3580.9815092984313,0
30.27737023428074,25.54613165259107,103.32039042389903,2674.0791753779063,0
51.93155211394906,8.178121908135603,85.06479180928993,724.7988034469882,1
47.98589543360205,16.623140554335446,63.611215061943476,1017.4211434716495,0
35.99674684261808,27.37039502313162,52.98027363869197,1354.6909110684408,1
46.04703127485028,32.29174485341272,39.52868863918164,1256.7976900733777,0
39.220296047073596,5.845441570210701,61.94079151378986,412.1528688668895,0
46.70276017876872,14.289463419619233,67.18552654869475,1029.7178503216521,0
54.9319601178157,15.621888435640624,90.82406325936662,1454.3708386242813,1
68.79025224218029,15.14380356133643,89.23438418678161,1372.815026181533,1
26.432767517597263,6.632788548519671,36.30973256771313,259.81676079423767,1
76.995500619844,53.89030980042431,65.5733383888042,3505.961583082676,0
15.718683007162472,13.910420092430137,46.36009804956257,638.3854247179854,0
42.72322357446625,7.09539623858247,44.11314347851251,396.4537086008031,0
53.82475809726865,54.75571604715214,104.45719347635213,5672.500524783977,0
49.21487801602549,45.582947503753246,33.77236950446318,1620.1830857347948,0
35.659507202691096,18.552465673210424,67.72645883119091,1240.3913949091655,1
41.87816624464087,11.345089703650213,45.13832901898664,578.3699972480349,0
37.604985980117505,3.3926051237082437,109.13971941106266,299.92722079917434,1
36.15952864583683,24.215366647029633,80.13364619475317,1969.7608334275315,0
57.744031455315366,10.69206175138887,50.824257273916324,506.57759044380714,0
50.35523228947571,16.313968360481198,75.21845584497387,1156.3481491829466,0
34.60635607109019,51.612859896566626,95.83377237328042,4957.181768982126,0
58.493998131498756,10.038351304605875,116.23062080274904,1217.237393400225,1
49.60949281314914,23.48056707217082,49.840140382087704,1128.027687198345,0
57.1929317825844,28.641967506647692,109.75635949164106,3068.687284184606,0
54.44443262885419,38.05406674149643,114.08737027507412,4336.896164592739,1
32.56507483616892,15.40683101346767,112.47784900788596,1728.555445983972,1
36.597284397045456,14.173102600314149,87.18729211757189,1263.1304180036323,0
56.20940407684893,13.910479681863867,86.68385889912369,1253.293786530039,1
54.155553981501974,21.873416535044704,66.28895698654405,1446.9952087767151,0
44.68647609053778,44.31841332033804,97.71580940734091,4423.384794985624,0
46.75991074963173,13.405785117288417,77.81646165158386,1054.4025007156124,0
64.16497343682637,0.8723404079002772,90.9694264105465,62.034981241085404,1
36.12642916746255,30.88297909820577,68.56121134639159,2036.7960890031381,1
53.20646071755057,17.54655854385509,95.83468176388251,1668.435878085878,1
41.96711021349159,24.254125268990293,104.20243658440941,2510.519602981726,0
41.73478195159169,3.5382989988373934,43.17926309425345,200.7963831910069,0
61.48165277980785,10.727132731632135,104.96367440168052,1149.0834485099879,1
57.38124523482045,29.16718411317406,78.62668786112765,2234.350624972947,0
57.20264454000958,5.1518840749716315,106.01993181812018,554.8151176839034,1
64.58218210731494,23.44255355498021,68.81715357069132,1646.8263666686814,0
45.31505762449139,16.210758503858,64.11364368447315,1115.7323625407864,0
55.22929456942446,8.868156108780594,112.35546592655001,1040.7610098821274,1
40.34599865109816,8.242109603142204,52.605234079356116,471.62043769657845,0
49.86249528732663,6.69138843940476,105.97910927575288,712.1516863569447,1
43.047854184484734,17.475698770090055,73.56185152584638,1304.9603585069533,0
46.45493947489077,19.049865273930685,76.26858982961338,1515.3816059221228,0
53.9273553815537,12.363204755873223,57.76214533405356,647.4863600294287,0
32.726689751497915,6.303456754361089,81.5737980557114,496.7249419723138,1
76.3858091352819,22.961780533520773,59.26900766485902,1322.2935090022413,1
29.90973927750447,31.2719721762631,33.534247281748705,1067.6397038830783,0
26.78717080818402,26.005847741057604,54.479874480992045,1478.306429487148,0
62.37166310250102,59.83856054897125,30.574113906593162,1799.6622518947652,0
56.87494040944404,14.415232254860598,118.05193083511709,1582.2307827494803,1
54.36179725578233,41.46279024126968,116.91724888377728,4827.104328803155,0
54.4251826389642,9.640875972949704,65.56397677250746,677.76785495797,1
44.81629840729628,8.331726571228334,95.55337689056815,823.006104357236,1
31.541184427712526,18.301023236287865,61.12254885693825,1140.014499282496,0
46.137068372905894,47.67008447906544,90.39838413773785,4295.298943523248,0
34.842574327318324,13.176116613346148,102.48870387413812,1286.4515769853556,0
59.62679600126627,3.535336708719724,115.20806202230166,433.0640068891251,1
42.79413927746792,30.86476035652279,66.01910482647048,1995.9497589194373,0
32.61754204811233,15.681852912568178,100.49681846604429,1685.181162034595,1
40.1792123752051,20.828710898354945,53.93356055689069,1151.8919009761214,1
51.193971814134365,8.723151996908134,119.12990734142835,1010.1558739891643,1
36.54413170794038,18.17216559332757,32.3192638887916,556.7417528721415,0
32.666694066503524,4.140483905148243,84.31759258510088,344.46842468877765,0
48.65530817237868,54.43427811656852,89.35553834861943,4852.029129623366,0
48.674498566630845,34.85981739579558,91.9241001366716,3260.2990338136974,1
37.39585236943305,17.558115074621213,40.83488209101801,726.3043672998854,0
37.93442541572516,30.277919209856353,114.46768051258174,3429.261595754172,0
48.480749060364545,9.662531100381486,46.306495114507456,541.9599834513808,1
23.27873487754014,33.81292204330235,86.04780629158569,2911.9931827105797,0
23.888043384351672,12.707553493391927,50.04084712107765,674.3387254441865,0
34.22333668121346,11.979826531363898,57.649477531914386,660.2194150838569,0
41.798292724322295,7.126980241702123,79.18126875553119,582.4791193208026,1
49.66361348397007,22.75523369146881,67.54740767081188,1552.612546359397,0
67.13034325424329,16.981297857157685,44.42030408788557,659.8319500170963,0
57.86489434803029,42.35426034187414,45.38427621787635,2022.9812058824937,0
42.60092205054859,6.3694842322932015,67.63303093465197,495.3197471665914,1
44.71475688145967,22.830118646839207,98.15546804479507,2221.0412154914065,1
29.962059530432867,37.17564592873115,110.81681821630097,4064.573309934976,0
44.72230296011415,19.304215214783788,37.57148960334445,742.6662019331505,0
40.670120416197925,12.510427036205966,65.3793516803461,822.2584938421397,0
49.84077840507134,18.937457064522828,39.0221007350589,756.7628046658241,0
32.59153584671515,40.11989145921909,31.49332325693381,1273.087580567989,0
52.79019771361759,40.108704979803456,89.5546814379561,3617.2343468205586,0
67.99108369503867,15.188403607100193,84.2204497769929,1351.5394681540697,0
43.36859777314714,39.6440412264159,44.67172024333976,1799.3726792383115,0
51.02567583148412,16.373180981929654,51.04315497837577,783.2560394041329,0
55.352159875666686,30.044914244543715,32.13369782800665,1033.5823382381632,0
38.98169292171246,24.768244220457763,105.14524851249634,2686.293921952647,0
48.36138722715625,12.103423119518599,117.72215364436963,1582.4438728243883,1
45.18888601172692,7.369381238255635,42.19135831152217,254.7495026954726,1
46.465141478232475,37.835678033088854,50.832769238876836,1935.4363911099608,0
33.404853242168,45.03156111081247,108.15685715522406,4766.367187379437,0
45.36765261388414,22.44100561114945,113.38174181605663,2572.057762114986,0
52.46997436868175,16.35625009218635,67.76646445261292,1080.9952255418546,1
66.76715411692562,5.608895345966585,34.55602250421667,289.9934035402651,1
59.3890623912781,37.18211123980046,33.54526503235375,1208.5530275006365,0
77.29773686267335,20.59792631491338,81.65548794621094,1597.4745720259875,0
33.489786556679256,13.542678217491835,65.36055980038611,861.5938424566355,1
58.08480955081017,30.635359092482368,32.57871848198891,899.2863509077654,0
47.75013008607527,4.629450842217815,82.4927153081301,419.45094308542286,1
77.8470439982651,6.800814418417616,31.01722829301202,107.68826108165094,1
32.87552571967273,9.358832007483462,100.86347623343457,945.3872088186729,0
32.40417236728836,24.220463530267367,57.57895404330344,1290.698365523962,1
36.009110318339665,19.09421771746594,33.62322027083089,625.994197986727,0
13.141564135352898,26.277150421353824,82.9516998884838,2261.9032034669144,0
37.113674674788584,35.489647397232424,65.79159729897492,2352.952984413119,0
33.61301007669453,26.944690461350234,117.64203720214346,3126.6535974061576,1
47.25590679714311,55.19327049000129,78.9778796253332,4357.487298440823,0
50.12633963665739,35.433710871827614,54.771526293330744,1941.6592702888079,0
73.14256258823829,15.160357457289042,93.84949781705774,1446.423451385833,0
59.256357572790755,10.666851615503283,54.43428022884402,512.2994718337619,1
36.346445165063955,15.524995054329624,111.38189622668087,1758.8317517534424,1
31.52377992977463,27.605832441636164,63.72497734566388,1623.9614653713188,0
52.37878757259759,11.653029214677812,79.48817064985846,894.7837471859056,1
25.196501894690368,28.139832761860966,34.551579344180595,947.8619722808345,0
72.47188148781531,25.940136026955393,68.35091141570078,1804.6982809932183,0
62.69160181081931,7.272191185825905,104.91271856948954,764.0768898959191,1
37.962365218429426,34.98526048026806,102.50839248270077,3516.0046597280243,0
19.302982063636836,21.872206498569188,50.188670296817364,1048.4873043297443,0
65.3080856124812,53.442460496711135,50.347116390950646,2700.607779324068,0
43.28190232121073,16.41721560196504,103.55747809919131,1696.1720780569688,0
63.56724467960193,13.051030878162518,113.7358578152393,1455.4139868192026,1
21.083585118084493,6.428892495069757,38.58248291457032,224.0009453750393,0
36.00937465569341,6.332777942361506,70.50527754836028,481.3026663362964,0
45.07865549577275,32.191575958527615,60.370885106780605,1917.5493049550107,0
45.70470890647113,49.94062706404126,108.36196099116954,5407.259719586731,1
38.249017927811344,15.354271608348604,37.51724232120169,684.5467579999889,1
54.34274898521248,14.58080979851464,49.00133483022337,643.2950111886215,0
28.985693559261083,17.58749251148118,97.72215038278449,1626.0954514843272,1
42.8643077246806,36.616302283151825,34.6164464083094,1306.7057488951125,0
46.804434475678484,7.332406566570508,74.32818426428604,511.0723133160085,1
52.71658251088124,19.937281867886714,69.7896331211748,1375.5037106061334,0
55.674223171333345,32.692514895089644,60.09610610898738,1925.635025198402,0
28.130368622431963,24.008846041055595,65.51150837870314,1559.8657115432318,1
21.988287438965667,0.4591897610956338,77.69465282372096,115.6034946733497,1
64.16515232847763,27.039079645441735,44.52306225495448,1243.9690493015808,0
49.98471017969388,24.17568328925258,81.47962904552335,2012.9368819247068,0
33.7727019516517,41.433930055587645,102.48890963699877,4175.706960583218,0
68.26727963283784,47.34824603079005,98.41448368111432,4602.19549949893,0
46.73511951439288,40.057708057130405,43.850991422439634,1614.6162794415452,0
62.689457760957396,17.659601345861798,43.43245227673265,726.5307516261284,1
46.01277722115164,3.360263411832149,54.1356930970422,229.74534810744805,1
75.91121887322981,14.497548983788253,62.49672537069335,931.8966631754074,1
71.33011263664807,17.23593285506429,66.76100232676343,1139.612490293279,0
41.2655377728139,49.524213492031535,91.17274951500107,4514.143697450525,0
59.57356426431533,8.801532484233997,35.10123889492519,274.5004172417716,1
54.680639243777215,4.773581239615695,33.12054338034598,168.34154864638657,0
65.52947336298523,11.716034731138599,65.27195066495182,803.0223549337713,0
30.52614809129843,9.230465612998067,92.74473229241823,775.2827228413543,0
55.29077189997659,4.305690827887823,47.40918086608343,219.11165960463774,1
60.876367302743816,15.616635459400229,87.73540331306265,1416.7535539712878,0
18.618907703653285,17.753774416053822,53.38453241462695,927.0219313476315,0
27.251122310013372,4.042930029957159,109.74774979321647,478.7375039652486,1
14.411517333598493,12.985014071508811,110.61209498399549,1577.0323320698783,1
40.95889748333163,8.720089053487708,56.75584838531938,489.698912576887,1
55.76313383693943,18.196186909841582,50.699437856691645,942.2017999645254,0
67.53535578144042,19.573312694679935,67.01735748596082,1274.8488398607906,1
46.111421706296625,8.721657290175727,51.647842666213386,459.51734164173143,1
69.42923318356938,34.77456591512815,90.51454589625334,3170.617623796269,0
24.29847812677663,16.94331559943692,104.34582160934569,1777.706304023196,0
19.44926340967268,9.091984565597283,90.57829178200953,772.551664874755,0
44.16678451655072,3.7674215632034844,104.19154025244146,402.8515440167043,1
50.76098173408961,20.358580835441714,65.72929459867268,1411.264954279522,1
44.509578778588605,24.1347202064099,44.06852736379748,1086.013366059497,0
13.988368499401851,11.175863548947573,96.41558526578329,1125.6267843759063,1
43.66319940730818,18.63449105816811,62.44270546273985,1151.7374380926194,1
25.432957492427203,47.34675368367003,90.41437427062192,4318.322120025475,0
55.04508823245058,31.13282704344734,54.35795477835891,1706.280196461006,0
50.498973691452726,1.462788739590061,37.31066713260054,7.032087263799461,0
30.90180320508967,8.999672633254082,119.33236159389871,1089.8782391381346,1
37.2919962399496,15.028925726925879,44.058135713753934,612.5616161368127,0
29.111797171665728,17.67863780177377,118.95788945671329,2071.3694276244373,0
44.059813540902425,18.940180061149967,117.95519393098026,2243.5590275652485,1
59.327134807518576,23.04789740424996,101.44362935172357,2352.924575282291,1
30.214109304966843,15.426023177534882,89.34806658737978,1318.8237227909938,1
52.560697732767665,16.91120053485201,82.00263452259762,1439.4622853569706,0
37.04613572441339,32.24825390737832,107.94913908400513,3509.7715601789173,0
33.10690751606484,20.655015457008364,56.04955694575391,1122.4680432924736,1
43.394544600681634,5.832372128528744,72.09130912363894,343.58410221940295,0
29.47136516370939,18.107817517950235,85.74509724298517,1545.4113449808017,0
36.69526041979227,15.061718243873063,67.00714282825419,986.9455199130662,0
27.031831611167274,2.264714823390741,68.47378086812412,160.73060939830117,1
74.47087699374583,18.81675596407456,59.72562007518759,1105.686584700059,0
45.52895327957593,6.608453065312252,80.78086350160825,433.4637019885232,1
34.50411738011122,32.57652482563005,106.55170752136044,3451.666998367813,0
48.20969866101333,22.81240491043154,48.13755402056816,1082.852418161557,0
43.31507925463755,5.518213661128027,114.09897348780973,661.3055654598191,1
41.685456007001655,31.571824391958124,92.01788883734068,2870.2626435606912,0
54.21250050065138,41.88109282562675,104.09458914120272,4443.528884136818,1
56.36261565070958,13.642505786647494,80.05716233670105,996.5982729084341,1
37.04248278584209,14.99218266638582,100.15650312816571,1567.1229650140344,1
36.3627263903298,29.478444050273062,31.45803576055205,916.1179985550175,0
40.874224542725344,39.8132646095701,103.65423823015817,4169.7928581778815,0
10.471182528966224,3.0986913884228606,33.61249731768299,108.14483018462742,0
22.272134067021717,6.177192851332917,110.09220387265762,737.0385515509402,1
65.50311401166786,11.905747651196839,119.2766472514779,1400.7095646292762,1
69.67451570251926,12.997859776619302,56.46607159591,679.0070594812937,0
41.264459406654325,28.8942414425247,48.928670065721434,1484.782020704139,0
53.648354445836496,39.95111555053737,98.88270274722366,3944.8002511096643,0
49.66875231815304,41.957939358029876,52.77237068282279,2225.2978525705626,0
91.18321212682856,3.011435589661895,107.90061448549831,386.6733463102572,1
61.79362367151865,8.277540419812745,39.2558332941729,273.34398470122534,0
43.0812361277885,10.128370226423025,41.33596767414224,448.4405291531297,0
30.666893390993614,8.24734961205319,118.1236399590554,944.7122183674817,1
20.90330519613641,22.762574573023304,90.64550084430041,2056.7165048952165,0
48.051954538008346,24.760690971288874,106.21985019860576,2633.6908340534883,1
33.654738820735446,16.749715374567472,59.18964396163662,916.3985964070528,0
23.666194356034886,15.551734542109525,90.8835374568544,1374.4547966358455,0
35.301406736362104,12.331672331925079,83.48176445777375,1097.0234096048719,0
28.776779945784074,13.54390258903917,84.28351081106523,1185.837219716537,1
70.30712452608847,46.99613581538719,91.42792135839494,4293.6270306113065,0
58.224596354241754,27.380584454933917,81.78232558161886,2251.4040454340625,0
44.88041038025074,12.717855063610681,68.61561323723993,857.931298970161,0
67.19916208335039,15.319426675849526,54.83304249424921,907.8399431957911,0
46.16052461471428,23.140582226181223,99.17231978218818,2284.8875915911563,0
32.08073698007605,5.516433333484494,50.36451870028676,289.42461438990745,0
67.84686115904486,18.581001097159383,92.31188755389728,1772.5487911269222,0
53.08365065526988,26.335422586952483,50.9999540384394,1304.23676727516,1
29.441307685103155,24.004734627986267,86.27971529590084,2149.061128681152,0
42.14491982874588,8.424839923186884,97.2370440416126,742.6834601672903,1
31.865726199228643,9.867743609250834,49.684250001588524,571.7535469892358,1
24.25800403553496,1.9482023864670805,35.39489707751775,50.32264375757805,1
58.892663212974625,28.306734244971864,41.78763686947567,1170.736594198372,0
73.64124960705196,60.34206097879107,84.5397270543923,5006.800856487346,0
24.02148639271288,7.392074746824166,106.4501765603162,764.1479260776025,1
53.444538550358565,35.30321587089504,34.04971391118819,1150.0740739975504,0
35.2403614631726,56.88724444306831,96.07361331374817,5434.980807839341,0
37.69311924352956,11.352344412217663,60.71867813550469,682.4337981593955,0
36.11409113641696,15.335954951409924,73.06755329275703,1168.4502864311107,0
32.04013845480276,20.161731135672078,113.59735948610091,2300.6995872510856,1
45.72782441917241,23.463031671877474,59.87743542622609,1420.2899965063966,0
32.535748253834434,20.968285589926477,71.88032405455374,1452.4311936300664,1
49.056852386697585,12.104566126143336,31.231417328461298,334.0050517854021,0
44.246428358262946,26.047858696717707,37.343884800435454,1062.6644853858124,0
41.41577929700385,12.335904558081621,53.27324320213056,620.4135919027907,1
31.386545069376034,22.02441198829159,32.5067016738967,798.7514026492535,0
36.34843004147501,16.291732551804216,86.8237793443426,1402.3567322708493,0
56.33086838738634,2.656680136147298,68.37585211214602,181.76716490565883,1
52.51375781436571,38.842668804284685,79.33306824552199,3135.0263531000214,0
30.336671328021737,10.09878721927153,45.71824673066966,525.2934668681221,1
46.489984581438385,41.45240160614105,56.63388264929545,2342.069820079704,0
56.27080685057683,34.3557101220623,89.74420273674525,3063.813661683133,1
19.958920783179423,19.717979061100785,116.87724512673599,2301.7870497020135,1
53.15040288569902,24.340157384901744,34.537509624198826,857.546296347164,0
35.060643615812296,26.461100777825543,110.13458887697395,2958.8476397414797,0
53.55898002889739,14.246642102742243,81.91930811800876,1167.2865570112456,1
33.55111265186225,14.789022547340506,80.75276100800613,1225.1987182085597,0
17.926768490032213,25.56380899552142,75.02506816869843,1999.8444991541276,0
20.586863431752562,16.426302506095233,36.24546773137651,614.4444980437431,0
45.72127419992073,12.137245619575822,38.08891665625446,477.877179640752,0
48.89583752582223,8.547544230941812,84.08208050931775,642.7497609285005,1
31.435250623433873,22.493343487023203,60.68627142920025,1233.5006413622705,0
54.57888688166061,9.814410509267267,112.55412599199126,1124.0711834586996,1
20.0771990659656,30.463197940093263,66.59314836235251,2023.8990484522983,0
44.00880302029025,32.24802160325438,42.895331283237695,1357.5504361548656,0
26.83475700356315,24.206843937169033,94.32469501518324,2295.479681862924,0
35.222458382967616,27.889529304683236,56.40180792969089,1569.9996886323838,1
45.71098006974621,24.258088931055298,77.29232766203039,1931.3531706454935,0
32.09379952074072,29.282539402866476,92.8049506954653,2721.870168933992,0
39.23166683655262,28.42416406647692,111.02377000818633,3118.4116897379795,0
60.094392138216605,21.62801661863562,101.29720753215085,2240.3659998747044,1
36.34662195715277,34.651249720480024,90.87249610854516,3137.9890016332374,0
57.535381680977125,14.648873360453758,91.16698641556292,1361.8204728394046,0
28.05439718013573,8.7810349907872,115.13321796288778,987.118280224407,0
52.947062668729245,8.386916622381422,56.62416877468824,442.4108380500921,0
66.6235293098685,12.998655585489768,30.10008847765687,395.46909472311546,1
7.925332498090661,2.224804952796781,54.47591034583788,121.83970732271777,0
33.046571167942844,19.574707791391134,49.61022416640696,995.0969932911687,1
53.6560819077081,26.708371061407085,89.56511266025984,2378.7059754214624,0
41.95431920935511,31.937212175703245,87.03404397889761,2687.806739875021,0
50.56718810056963,3.335493160273106,83.41152444342515,256.57987508957814,1
35.94022219926269,8.631799545865093,31.461909888850833,311.26382284782187,1
46.2988468120935,29.832296664527433,95.59002490055828,2836.801177040864,0
42.664841469118805,14.287521498198599,59.11773712369424,832.3267699539075,0
62.51673092489711,26.28933388355442,89.8550390105968,2411.5479469646834,1
48.816312649518196,5.241108079140768,80.09205856519381,384.1724738581067,1
50.064039931128036,41.1267018418674,60.84578328851165,2425.2462267293517,0
38.82184550816299,4.836695221055117,42.1118640393697,195.65069557266756,0
37.6859066389126,19.154605721140584,38.497700789443286,713.1995822297919,0
38.51162718270569,19.522525607714012,104.83664998010012,1998.3638678757925,1
50.91678213567445,11.091266646372153,112.65577878734022,1240.7263589901718,1
38.68523278769605,23.60381881018005,88.48092420878696,2113.0629855438206,0
49.34662285344619,24.08097617225878,39.3090703374435,946.1363580712305,1
76.13101197968157,22.26337210858229,66.18244951994166,1488.7935543542362,0
58.06687055147539,10.921630015980995,95.60452800946415,1134.8276676976307,1
40.10964701748238,9.210523499214437,100.18387956090613,905.6020338603166,1
63.01820883245917,11.921557874146924,40.63967600619797,498.4056812267027,0
38.87886940467673,8.144267563383558,30.002764696084416,218.88987519619292,0
14.428131972332192,35.73231312264098,94.09233412925445,3319.8187595523304,1
29.878705336238937,12.781833411568048,62.09365583875851,764.4253821753624,1
16.938121184612164,18.751522556234843,52.90331984564342,968.0798668092046,0
39.72729773938037,29.7490794182475,31.16077228105729,944.9780792004549,0
45.276275687843274,7.791393360525202,78.62694660853498,730.0672590991469,0
70.14655968412924,4.6300485926043216,106.60356618833836,457.7775197831256,0
49.90391060646244,8.16961973508434,116.1868481645329,928.3711024414425,0
41.71349206786704,20.291306517399406,80.91704555519604,1638.7564231872916,0
57.441083717752335,19.292906609786368,76.30151949659047,1491.8680322680011,1
11.832970364881724,22.232834347030092,37.6550746940317,850.3565785951909,0
48.53421837162849,15.369279814990197,79.39855213883398,1284.5033544242337,1
56.562977908304504,0.8462726372752063,64.19811710688552,-66.99049365461387,1
22.821206313302376,14.992538510304797,84.64217527952192,1149.6545789644176,0
62.15631064810394,32.494660778678906,64.9853713088892,2086.8836876583396,0
50.07744611241621,38.260325288794704,51.626921110533004,2030.1278047251205,0
38.77068129148798,17.83763172737568,38.546874770553885,609.3025548181292,0
54.491727991594274,19.345983715519726,58.34266001300061,978.3145335469259,0
79.06039286706593,25.947135537578426,38.69803508589771,1032.6621317227136,0
47.72799382587743,37.54044537741217,45.92072557415855,1736.0673512929689,0
48.723308794505044,16.673483515374347,118.86025427215914,1927.3040699000771,1
38.109586506896335,25.695386654150827,69.96932012159567,1748.61175441641,1
32.25233445802812,10.52169840446896,77.8684589854515,770.8212546839479,0
57.455037248163684,5.352608902338702,108.62566758634938,586.9574812188753,1
32.15874261136699,11.473322387348485,119.6012010441619,1340.9073736845992,1
46.073493558290885,43.32923396145976,82.44430044102134,3596.951578546669,0
37.83513829852325,26.05890496221975,103.12264389397545,2544.5318435407175,1
52.18469738619588,5.8637977280417894,59.424692190300775,305.61178179867835,1
50.00493157930423,26.90748608775946,57.5169561702562,1491.3339999158868,0
60.563099163868486,6.305359423574756,66.24333488951041,404.8710019759683,0
37.349754017178796,22.01367327008494,90.52565364062842,1965.8997738811624,0
40.95187597059943,7.522979953097434,91.39725203295889,727.4718838069317,1
30.318544263265387,5.544359101056639,58.371549118450574,230.66599101465317,0
38.33560109885833,48.139707670501735,41.988893172296585,2023.6076165388215,0
50.65950739567278,12.774006457927744,86.91566308189577,1138.1780626637938,1
56.35482924968028,25.729527086149115,41.5493275969888,1161.8769216461042,0
31.167520137335618,17.200531868423596,82.0643257406397,1387.4617516078943,1
58.044088801584905,6.787640129655511,92.40799152506781,643.4551217940425,0
65.33456788207427,13.886220315996072,93.05503467550065,1201.9895733885378,1
51.20152354835551,6.843388568611028,97.8124899593637,549.7710654396393,0
73.151937188371,71.24457925683399,108.5573479409098,7776.361298076938,0
33.39316201344641,28.986445731150052,74.99630927683096,2173.5984342070024,0
26.330179450328746,16.958385736519944,95.7224270576614,1682.223476169637,0
18.31919626643582,24.77472664105303,85.72554618292531,2055.156828388454,1
67.44066467233775,27.71313388453318,46.79759458179143,1322.903111095728,0
54.81548484531086,27.763979783550532,32.312068038246736,990.5524958057842,0
44.16622993634317,26.949804042738336,55.60872471092404,1519.6295144438473,0
49.1995293947973,25.53390005769387,69.87303357038574,1797.9601311936706,0
28.117664290524353,18.016511296308067,85.53953499857906,1541.5518026240563,1
81.68627969425239,45.72895123788221,106.49633974528848,4791.4218543689385,0
46.93831772962841,18.885490236203747,47.6621145035549,967.9010448792285,1
46.64092191907339,17.332293738482996,41.29948109086294,685.2718555235074,0
55.88649935848038,19.006149947730965,116.71319527268948,2243.492653050692,1
52.2151384760507,20.01863127571259,39.72401034387664,717.0686005380967,0
48.35826036418697,3.3649789745253145,73.06419630964703,186.88650114716333,1
33.142883168320324,8.09569135471724,82.70073559139718,741.2740001171424,0
52.072025357039934,15.368876108262784,78.72369788166944,1192.5296450797948,0
73.2303674471255,3.1805805675676058,37.74289413296489,192.70808944519678,0
65.18130069232467,16.937766836429915,35.13242226032574,591.1532436914715,0
68.89779939959095,19.825934816710713,39.493508471493215,690.9008359911439,0
37.33176485353222,5.117285278315855,82.70289154853512,467.81766938205755,1
30.15592769612129,9.908636431403172,78.9910398870889,753.1988796918499,1
43.11319619850528,39.29195423377612,51.03667128330699,2040.264992983826,0
45.835873684330416,24.95291980245979,87.39967276610324,2182.137568670807,0
61.41287277706422,23.9615778483498,103.80607518500844,2410.2014402800887,1
19.61303055427771,36.14426363644283,33.74210638619344,1227.7983271400053,0
67.9432547919092,8.23722562593069,74.83169491932381,726.2167121289215,1
42.629881521315156,5.132499937745655,92.03793708924212,497.0340293064966,1
38.5967839507887,32.93865638112006,52.70807343627184,1733.257231777927,0
29.81843437109749,15.705246000843351,57.69938147638342,959.9501502809505,1
20.17714992201346,8.042790208328299,85.22741126904455,695.999612095996,1
57.34755875942872,3.335046339721402,110.81417640993632,380.04712493833955,1
46.09976950782606,19.16722972394551,102.89319782726095,1917.5963011785266,1
25.650586503884192,14.331687081622341,82.48171971896252,1193.7945982557299,0
25.573818419045757,12.464854763369331,95.71995459815243,1244.9075028431237,0
39.96322951064808,1.3149704941644211,62.834022318701884,40.82177777376046,1
70.0353228793409,45.33571741171676,87.6868975288882,4046.573198142187,0
41.10612972954593,4.213976909654582,71.95634320148014,298.6370675469614,1
22.45285570322841,13.455772085240325,47.09425228118048,589.3010496434467,0
41.313854038710836,11.716624722699933,93.15644464895314,1141.3607062987644,1
40.90914645378494,25.477994871108372,80.08181736139397,2025.9844202157194,1
4.546700355876425,3.3773440784388398,62.27594237582323,248.30302958649037,1
44.18557700223282,23.373624086758845,112.02052710707676,2603.737758988465,1
41.53598204686983,19.23768284004372,31.884070604405995,610.3843307606285,0
55.44309547220128,9.498023763402358,58.419583612454645,579.5486036158798,1
72.73434142418017,22.791607885406346,35.11932579998819,814.9707557126656,0
61.89847544321636,16.915087548795004,98.98745845994645,1574.604937060116,0
40.96666964167754,52.49822396869512,93.18967087024134,4836.230025910194,0
28.402111368874944,14.321594195065014,59.82169968626853,903.2126062053268,1
83.60039704874791,7.117357582492334,90.80966119863658,639.7180012505986,1
45.888276510217324,23.539543160038747,65.63435035763548,1518.816057886094,0
45.20893937869419,12.942987203999198,98.0628412280191,1201.2973984391826,0
44.638123693349954,16.657520423603632,70.87652964630354,1126.640424073657,1
47.971271411517826,5.174827959657456,67.10517550484991,246.1678064421206,0
42.834593821140864,25.75243254872565,114.12569239394709,2933.9501595166575,0
36.39506989679646,11.305120483704346,52.579118990163025,564.4913960817679,0
36.79711588139412,20.340169423252714,40.840260599690886,782.3684253382394,0
44.50870094676002,61.12587446961821,82.60888019335124,5046.13386951612,0
36.84862843299352,13.676659715488688,117.2389631055761,1621.6359353343341,1
34.30731325984253,28.238456656489493,64.0055292354468,1912.0772597013329,0
46.596453415378456,14.434839155696984,35.58330872659034,438.0451671176798,1
41.17534173868717,9.610355839991756,60.537474057861075,639.7557195153407,0
67.55989482874033,40.205899437599754,75.53384888876026,3085.561410607105,0
5.235452874104823,2.3173551490873896,44.573070596899235,64.33699768952513,0
61.37260277883693,33.35062837748078,89.22919962508428,2986.011674845535,1
63.69127788746444,1.9767226691971533,119.79744501091805,213.92466279810037,1
13.89914651387776,31.04983821049935,70.65655283832994,2203.1589631626803,0
39.85968608879477,16.85161108250537,61.92557010571914,1119.0021741542273,1
39.428387010063126,7.135653490327137,66.063375015102,501.68566414086877,1
23.887324579232683,11.944765431868765,40.363156055568105,507.5588498353464,0
33.33274968613687,27.189854584149195,109.49462412836014,2955.627441798454,0
28.341362318012568,57.418408882639554,67.33430899692168,3792.0260525690273,0
71.28405665135435,3.530513869508411,64.85469702823572,218.54699683393173,0
59.035175897211914,7.547829154549081,89.37212456374269,734.895935129405,1
64.07332642491238,4.716085986241147,69.78300788380112,252.74427272906752,1
55.82508096064853,14.34241410164523,88.34101219270615,1214.268910617447,1
28.06422343174156,31.621181725212427,35.530166111770875,1129.8192261589945,0
37.132196005803394,4.07502994509,103.23510093500047,371.45338845215247,0
52.34061841841877,16.511085656416043,114.64535575914623,1853.293116693793,1
26.668082866620818,30.938363467962347,88.38888475434473,2713.4275139713445,0
55.69497645258582,11.80341942583639,115.91093359729297,1299.8644950796122,1
41.39511902762798,19.36926982776245,43.628908293296696,796.3540047127482,0
39.377687886756036,38.252495774281535,72.96745705323184,2826.3587384281855,0
55.664399523052374,6.310787397560746,84.16260605509025,465.763824526785,1
51.6639496722906,2.6356522733685677,82.3562982679068,137.16895803128648,1
39.585507512713804,21.14331504343157,66.1315601180139,1366.7391609121078,0
62.38994705046372,21.570137519123254,60.427596842963524,1340.0293489783537,0
28.78405008600154,11.134695955271713,41.41416202953769,451.28801204141627,0
54.239034104163956,9.37674154342743,65.25682055060503,588.6672863430662,1
53.89651886952576,17.111471867437796,44.639473359493664,766.065032443995,0
40.35680341029015,6.202008956225162,96.09291088429966,508.6837222911903,1
49.89199533363177,6.211503431120068,48.7947841945131,327.824252133733,0
26.233296354220457,27.065789035240574,35.270877475608046,973.8058804128082,0
58.860405288103514,5.799942855874819,79.71295240355109,441.8651451088795,0
42.22646795335516,2.839979258802987,83.57067594474614,287.6352119170456,0
37.15915469221441,9.360416549241357,108.4721755152455,958.9699418774652,1
60.73513838755334,11.36140352794661,81.92834511759136,987.2164389205084,1
34.43484464185861,23.371816214968018,61.09327683511012,1435.5855214401192,0
23.873080554546604,10.08170517273292,102.27106933736884,1014.23913926557,1
21.650562397141442,42.598730969631056,78.6251003868679,3348.335817072005,0
54.0901492701846,17.792561273045855,37.135225616807254,655.3675388848781,0
25.793559712555755,8.258159348132079,80.9265504281922,729.3184937515433,0
71.32191272976547,22.672700718005387,111.72166908794962,2479.1980105735647,1
13.771058881744167,42.09940821960399,65.66813629483985,2726.4637149397263,0
70.44684552435058,26.55317596558865,56.66932217098201,1556.5656280603434,0
48.16526200803928,3.8185949830991954,42.9122511316218,134.0877601255108,1
43.549303321944116,12.184824496031066,43.63009697418216,576.6517282418051,0
36.826213697865754,20.10989798175155,68.9494335907637,1471.5378745602472,0
50.987041715281066,25.790544806278056,83.61118417453766,2136.2882404122984,1
44.435479463627274,14.411714631969216,37.25538646526416,570.9821145698807,0
61.54952823024782,12.860164812133547,114.56117301226492,1415.5909519420798,1
46.7134147299306,52.245169257405294,97.96202557006764,5155.779271609839,0
47.25452642192816,26.826615571453164,82.79615264552965,2231.111757116317,0
39.54581681679216,22.723274031581827,104.55948038450917,2399.5856394850175,0
44.14581564418399,10.448099756381792,37.216808113090195,356.5663201779158,0
49.61702653338089,6.116192935642088,72.9154989959812,362.9110890796793,0
19.347474110150618,23.00882948689665,86.7083814175497,2020.2209663586746,1
24.777218668414307,28.880754268201542,104.57876155064604,2917.1433563930796,0
56.148961410340725,16.594526708714564,100.51226040443409,1652.0858652225281,1
47.562981571919124,26.87660226415119,54.936232474205966,1523.5583634211787,0
42.24024995470981,27.35512901079606,114.67921526032839,3146.659615096787,0
45.2765089959809,30.20740289932661,41.19112572877833,1341.6940630055162,0
50.21372558042506,3.747530956351114,108.76202567590369,458.84451572499245,1
36.90360479535958,12.469282615847126,117.38462246441567,1431.0071128470377,1
33.32542911896531,24.001791606453388,45.943817090036305,1104.099592392635,0
47.93767882646522,17.317535647765926,94.98594577834068,1642.5539669259542,1
30.32440833577452,27.414282521866834,33.625696690019865,842.7155108875007,0
51.12379133571708,22.713534397496225,66.48805426252395,1463.1587616902154,0
19.461245936432395,1.458897565907863,76.46549692779067,83.51728199489597,0
60.437334559884654,35.222217478108185,82.25807033186706,2795.5006174157434,0
52.08896223619564,11.217688546623725,114.23435234237036,1283.820059314569,1
48.840446014708135,7.825303618641907,90.50256185647751,695.7564325592045,1
59.74036475918271,34.4368966110229,73.31501560973133,2441.0969175222695,0
69.98211666693865,25.96855461880984,102.87075326393004,2691.6154180763447,1
60.21555097527195,37.71951618075807,115.5479538858968,4394.206553487119,0
17.386886530025322,20.272018100615085,31.985953381406176,659.7715498565408,0
25.806345498964475,12.339424601318093,118.42691450304348,1445.1165735166005,1
35.62772133456482,18.58718376979195,37.75189251573123,731.2734714349224,0
45.3913657531625,6.596640270019276,103.29481013418852,715.4097222390178,0
52.76488530703685,4.592776703388694,55.23012772962713,269.0298224477978,1
34.11384280269802,9.791335179281713,41.89616919784846,368.9888228222945,0
47.80150146715617,45.343114075609904,69.58700757424515,3169.1216608948876,0
33.66925601470016,10.662314603274613,87.95609215028522,997.5895583222276,1
35.82723295512078,2.913814255503288,64.28566605211276,157.48503723658342,0
23.900083547276665,14.733956969833555,34.91088674544291,619.27247004271,0
31.151501308336435,10.543084886704374,83.95150256928449,858.8262712550775,0
24.724730915754996,35.654411800702874,111.21629484996072,3966.9719261958967,0
30.36190120534001,43.23244468975095,64.48938293525265,2754.409401024162,0
60.80462694911759,11.878421023583062,49.46994998677444,598.7884357545172,0
30.759016667520854,20.257752039961396,69.83196113395339,1327.5274684840854,0
84.48573097256086,21.510573070832912,34.35264399439028,711.6429688768054,0
52.39976851321334,16.046424641025233,103.84388260322473,1611.7169766066886,1
47.77254185542311,13.865645695393054,104.3706729855168,1453.9336900015217,1
32.1246332972818,7.355730547540067,82.92004170866656,659.6598525751805,1
55.50464819113487,2.388590192982389,61.779260004455054,179.86564393207806,0
36.36543260643339,7.3163050162081635,101.9805028001205,627.5374961490078,1
46.83014721968042,15.612526775416208,79.92183223095304,1349.8852282924706,0
83.40126807403192,4.0827605193741014,104.33390776950147,440.7343565043828,1
43.559101504130254,19.488230027266784,86.83129133247186,1653.3632220271782,0
62.23909989428513,17.57802266177142,100.59649258915175,1776.1438223763773,0
34.45235362311169,10.558382373212478,83.87066938959839,894.3480884378016,1
44.47517264254557,13.399851309462845,67.27269613940996,868.1016896071905,1
71.56200953453265,4.88916640364648,116.21512739335238,578.090929814178,1
35.59549413318349,29.837199102361723,78.70024423909604,2317.8212423853893,0
72.18672836995393,29.489552868463186,84.45805666864845,2470.4122276632675,0
55.616279031832136,5.803333477725926,49.843887547327434,254.94674447565748,1
36.56299836158598,5.969221513977672,86.30857104845488,443.5614146561246,1
54.48611608583281,7.406212469074188,81.44468845346495,610.4884906746838,1
59.58831674440095,24.848064688558615,46.63545581523225,1188.065794703125,0
54.327149433257944,21.46165914789952,35.36283876178293,784.689371811333,0
21.446629201643155,34.173297689665745,84.3923387743294,2924.960778294041,0
34.09294236262697,36.78481115550564,98.73230424152885,3648.066176973311,1
41.287220466727426,3.6847112617194138,77.10612338298074,257.47752626595053,1
43.88349856349931,24.226209898404825,50.409536278768115,1263.2151999922487,0
54.31008146326017,35.803682466753294,89.98697790237314,3153.9893059672163,0
47.66551501399881,12.715076715147958,37.209515394864205,428.08827365355336,0
24.969834619348482,16.364454970990504,69.76503343217591,1093.4567445793277,1
50.70296776508945,14.515573652591371,44.70300825585782,702.8926117872697,0
54.15878617925735,15.026327611383191,46.6013145953895,747.3860459384596,1
53.396856718965594,29.7671089933012,48.20645542423833,1459.3320746462678,0
61.21171088331933,50.99361925657438,64.80363513395801,3358.1683897236107,0
57.50883231823356,41.61889393492173,34.60351850583579,1396.1960273488814,0
51.88770118842655,10.980064191723141,65.80140968361883,739.9334582250565,1
43.94751432812029,20.304938325048077,76.05367024032307,1538.0063622041462,0
20.08558599726013,8.45779971052892,73.49648564696926,663.9626602240753,1
51.44427328698879,9.246842778348935,64.45056903627365,590.2030672259366,1
48.115315307446664,15.81435477103408,105.52319472636772,1649.5340935551876,0
49.0736825579306,9.028753208119277,43.07940231784537,415.9987178091569,0
25.84877136269536,10.243760089853993,75.51270694032365,817.3425119916897,0
28.784151893876064,19.95235034825817,35.58372752608989,676.5617385551634,0
60.797292799993556,23.98565097946008,36.404011099011875,870.120120905671,0
44.406672692150174,23.53297809502386,81.64792647093867,1868.496833462636,0
55.22251046058936,23.699862915033805,80.94165823990389,1793.4031535265917,0
45.42477564195692,5.250641801674859,109.02301615600112,582.4637875440594,1
45.446342092436176,8.62712690306322,80.20863080940659,722.4153045264285,1
59.074257089639964,17.161255279095027,116.38119183643651,2010.3506832447536,1
37.25932907673939,34.71075237951144,34.38253635599368,1095.9656197447277,0
46.44181165411475,69.59995816799585,38.820691630266694,2684.376042015405,0
38.06587066942436,20.904679201719144,33.965927541334324,599.1294310378771,0
38.482556588515266,27.825285611517746,46.674916530018606,1367.227938724228,0
40.36241814797041,4.670095888801928,78.71430998475103,313.300646343762,0
48.33200657450569,27.30810786706658,88.10149632846853,2468.655345460784,0
37.818770675047844,57.893084558763064,34.102664215380194,2021.6019052843162,0
63.83634188360281,8.599105443603941,115.13738008610393,945.0489542339092,1
31.58089046670744,10.531008974995661,105.7948838985343,1057.4876242807013,1
42.196925337579614,30.40908409884395,56.69512339413838,1741.565286106006,0
38.40403412588738,16.99658303430264,36.94687772038212,585.7544731735474,0
66.704668265306,2.138087665574392,45.28983658971515,101.95787309626013,1
47.94832164767362,11.076643980589061,41.42499723794754,434.7085667612842,0
60.477668092029525,43.11392713776467,41.095540136905214,1682.732202426333,0
22.71659440444542,13.318443737666668,76.67055197991606,909.6090319241367,1
49.00575398803888,13.309582672399928,52.12626982440602,705.1131100564876,0
58.34446193435156,29.0942630728333,62.232574487623,1782.5330065260662,0
46.23425983913136,21.45344054880345,119.05548000458901,2526.4951714420017,1
60.98220562598027,12.744944982506398,91.58828240328103,1202.080812226765,1
37.24067324849442,9.94633347773115,115.40826003423012,1206.5611542167871,1
66.1402116027837,91.08814528614457,42.8300899529804,3887.686220187629,0
79.48347185428875,38.45270485798324,64.39255273493123,2459.0378900229393,0
39.55742159340512,23.693612732541247,79.92586229541189,1918.7395801976036,0
38.31746217898842,24.777176373207087,36.90822556998642,846.6348360846864,0
66.80076715676552,15.098955246999937,30.376869926516207,469.81665230179135,0
68.69358218596068,21.268035475178255,90.33909004172259,1948.9292703937863,0
37.15709959270097,13.872510979354129,87.76375651212918,1251.5151862247558,0
38.69719774356214,7.914305694418315,66.97099289996507,433.19127534391885,1
40.773230867092394,21.87521416283677,74.06796684288294,1582.18487380351,0
24.833242334485846,12.937843423956771,67.38987005328806,827.9664244690609,1
31.220220802737025,22.699597102333115,32.160454036039994,735.0236969666714,0
29.937888498718983,25.792747584809778,60.18344455957162,1576.3336232978231,0
33.483036523438074,23.559469718847748,45.93740298575609,1157.0963749777256,0
44.47972668919828,7.339667643094137,38.85817701912319,260.457830518479,0
48.51322098804781,11.838276801603042,116.10483905004148,1349.6025977645004,1
68.25750739221115,13.139960622666568,83.9423752537949,1160.483106351903,0
30.024689388918134,32.7050405285877,95.57906558129424,3140.7460604472853,0
59.764835977148756,31.557996418636915,58.38273689395058,1905.8247773689122,0
41.790167336617365,9.081877295596621,65.38324165446136,608.2389780446517,0
44.25804435521351,5.127044102944824,51.32315945070511,205.28027107057105,1
55.122292382499054,71.72514439310919,38.72691038688823,2711.0368216596676,0
28.159169676565522,22.904285188144684,46.11284736974254,978.6061945410243,0
50.736146192760756,4.4577380103162545,101.77626407668373,486.7945126605415,1
47.49678312319584,10.387016276821434,90.97912246653982,1004.4314670652301,1
52.38676896012224,33.635768903121985,79.22359883869292,2757.2147692812373,0
49.33752965861727,60.78023279715065,72.75808855800912,4464.40882704766,0
81.82950209866341,54.36801513456635,113.0190855290512,6202.765281415053,0
35.43390023623026,22.21952885732659,36.546145300080155,783.0373134864974,0
37.035045674972736,16.71028226063591,55.25407319141244,865.4903682411447,1
35.65289210362853,6.704928531752701,61.494406821364265,454.8195694606509,0
36.66784321259618,17.79753795491485,100.41832309915091,1808.0829543380112,0
35.439193090402235,7.574031875105977,119.32631581457743,909.1535382356165,1
62.83524796661328,11.933762715145713,51.660346328143774,635.8708888939664,1
66.30756371984782,30.38717644653278,108.68766007233725,3318.870378301798,1
36.438805593757856,13.817512318868765,104.75604843886121,1511.6588327726558,1
32.51466640343657,13.089490474335385,50.219165787758996,722.0925714487887,0
52.07123334579606,16.026893223196172,65.93993221793002,1084.023270418575,0
36.716654335785435,78.56043146665061,66.87055823632673,5295.670051089761,0
54.493977266332664,6.0383569516907425,118.03986016739024,738.4699378396028,1
48.0438453127695,20.55853050568198,46.28027112410085,928.3958791143292,0
22.263838275041522,51.239885190933414,101.92421739943039,5260.413431468208,0
68.21257801995093,15.990244994338989,60.07734427557989,890.9267001328083,1
71.93816509643283,37.97880525397677,95.77833111985443,3690.2411627666484,0
35.80816964273421,4.777931671777093,67.80099038660966,264.22235235773474,0
39.18447660096024,14.181135785337089,82.0523786804886,1177.8860879176436,0
49.287980860873574,8.324844504893695,104.9350595993518,831.3103563550484,1
50.01685184980538,15.85994563110815,102.37490084854957,1651.3298106018053,1
54.878164090092454,16.119909468131727,107.97808651857301,1738.9007179250964,0
75.15306808149525,17.42701511896998,35.365559281019316,536.5783383729861,1
42.34579158758926,30.194523088683503,92.28454977357703,2807.5229504179574,0
33.02554133192319,1.2335274342920726,42.59886390495866,23.650828454805307,0
24.31021157978209,9.997083352968696,67.42367112165698,718.0973962070217,1
34.036049400871214,19.545835955016987,79.37295735492197,1551.477088160584,0
44.503095406893046,2.282835096125724,66.24655362721477,171.00100688698268,1
71.91836795276681,26.015525893788013,76.76505082227067,1949.2047196539747,0
37.235830514457426,9.835938479165959,119.68736779187573,1147.770974762831,0
48.35681927458348,14.396150715144714,42.16955823415692,584.1473841249407,0
44.753656558908716,31.13726983980903,90.7910440802783,2869.820362577749,0
62.82589910172126,39.137369740667374,65.64008697470537,2652.849208128883,1
82.90398638810433,26.572057018922916,41.97088190165959,1074.9940794382346,0
37.03696840619519,5.871183448746455,44.28630870368786,313.85544990005224,0
37.658408362226666,25.653846337375526,115.43457956210553,2852.8570952195196,0
60.66241315603608,26.869480927973484,109.16413470405858,2873.474165394816,1
55.22837234439467,23.2945813368538,111.63377643735197,2552.5231623507098,1
72.7006098860405,43.411171795217214,119.23794982446479,5108.633689867295,1
53.75892277988946,17.772455780402407,48.74838510076661,787.1990990800231,0
39.610618638194104,42.31192799235343,61.98954036276555,2643.5469137153127,0
53.85982246038464,42.14183754139071,90.22971269323801,3791.7425088384025,1
61.63055370874362,27.397643301719615,73.54222858745825,2033.854016332964,0
57.30723271796046,20.796114396569298,67.65505800405002,1441.485960064831,0
52.609110466609465,23.38999903430838,62.20301244020337,1468.209250566056,0
61.00012034383731,49.65524528470372,83.4402568749107,4176.134580549895,0
62.53943385668509,34.68055085667238,81.80340857760737,2833.510657112749,0
65.7323848655629,6.57472570384885,44.531205065781606,233.43078915407125,0
54.73064831384464,22.34977941067971,72.45658537665952,1672.2794090604611,0
42.493228795247184,7.943986277861246,79.81245985888648,604.5734792822894,0
47.20070529649984,9.586086494091276,81.32582448582514,732.8165727862847,1
63.09763449762535,12.326423516242937,48.90964736211166,593.9851336252626,1
32.74596493519146,4.309621840754582,96.80442530270581,371.5499196014108,1
50.53009963309352,7.479727428387369,32.267918533896264,220.4837162154814,0
39.09991781508959,44.98068771668213,61.934866998884644,2803.075607329245,0
45.431172344022265,9.534876884126183,100.21913836820701,972.9942327363668,1
64.17677793910948,30.311598262780922,80.75036289498621,2402.7810563253115,0
47.86648602029855,18.984987925843274,53.504618925977425,991.3992756390898,1
45.69654822234223,24.87798131635824,92.54578074087429,2356.068854417769,1
24.60215788530121,25.626901182495992,81.0651849740466,2102.269490557348,1
56.193803490408314,7.176737019243618,101.66192485107484,833.3541514936987,1
54.68226271711613,30.18959897529516,96.1522667570841,2961.8047826490497,1
77.4488208495819,5.281419382518554,84.90971298326112,505.65845734187957,1
40.38332647570499,9.192637063496411,73.93599077797326,610.2733016291359,1
48.287254914959085,25.366344443193483,41.98639131007711,1103.2342814797928,0
48.74075525566133,6.742576665130384,53.51997160968454,358.2071716090541,1
68.66179919645211,2.0001193419255374,67.71895256253768,107.8968966583571,1
43.57056701419572,21.600410001724182,83.93693583057498,1821.4729952554592,0
49.185322886555085,3.5279401293664674,76.23370696937744,316.20853075820503,1
54.11844764574809,27.0616778336335,55.93660733635765,1538.7800263931815,0
47.79913684734537,13.063475488291111,30.58179220107395,355.5808027396388,0
38.30349578174208,21.377251419893323,74.66152997107326,1633.181243265165,1
47.911349893474615,21.090470492766514,55.70633897060188,1142.9935212157302,0
61.104476247896585,28.470210657872133,96.11474706394816,2747.2412521869155,0
29.602270508834096,25.889910098750363,32.155163874343515,817.3267985434824,0
46.99454511220314,6.685338778082154,82.63450301752118,541.4963348437998,1
34.4981877759124,13.710013879981817,114.73268137554588,1611.298802898291,1
62.92569943387264,21.35899780238809,45.69683404003496,924.028891846405,0
22.15219642824338,42.81622859251399,72.44845416755359,3199.229328526094,0
36.61617229092617,26.056519768199816,38.22797926354244,905.0337939141014,1
50.658178125967815,40.38332114705397,86.31137210352173,3455.6564741366506,0
68.4828604385151,22.1756828134928,79.5478512536603,1782.5385123931633,1
44.01374608390518,35.091155625794684,66.66289717915491,2368.4938077018396,0
36.67200709960203,20.096854913569246,76.9239319326367,1540.905313402891,1
73.21735604160885,34.126870215019366,110.69171926221091,3774.692401988754,0
23.27979149375634,12.529118258974371,47.666487207996035,617.7465594852522,0
12.017910650698774,46.09409395985574,32.03080605348125,1464.8775099661966,0
51.60021675079999,23.98859695832322,107.54983962291908,2649.6288185432522,0
37.46918663471083,4.342510972582855,81.94053741491157,397.7951385351696,1
29.6815077430393,21.877808476985393,110.15926099156582,2453.684431490007,1
55.6253467094903,26.116353234544903,83.72507010718553,2138.285669337773,0
48.65701070656798,30.90608534225401,102.91449809637322,3176.714839901463,0
36.538820538949075,56.76470595300777,68.67060270196332,3883.0432725567334,0
25.795434019936582,10.952992169451722,97.48739381594419,1017.4985923018196,1
58.08685992420217,57.011416261306884,112.17373202008704,6413.191538978759,0
54.753017669379915,16.71442312618134,81.49106673499857,1335.1938825236564,0
43.51236204330926,8.801417379207344,46.27066355061416,440.01761381434306,0
72.69955494071499,11.15367650310559,54.19178535271784,550.928064805234,0
28.948728505107713,25.040707158475357,47.878011920766525,1284.851306479998,0
22.117122436128916,7.693174328460385,52.21713248361596,356.8988701991661,1
34.62137895178133,12.703648661570682,57.57739044159327,742.4080558801007,0
44.31620975466753,21.48838978165342,79.96204080778696,1757.8484661336065,0
48.65009173984038,45.85913302557,82.91924665174494,3774.0727410724157,0
41.38145913215505,30.30103452091785,68.38497725176751,2114.7589885896364,0
50.28083094771445,17.234774016308396,85.38787018387518,1410.1814664629455,0
26.22690863714334,24.96049745081224,37.34174330502293,1004.674373533038,0
66.65646906109889,19.98027220135305,37.9009413352344,757.9785878137845,0
43.76773232411147,5.785774607295389,45.46465143218926,233.22765538745256,0
61.75943747382192,51.15409337754099,76.62697482363103,3904.8243367451323,0
50.14088019566556,46.338877231994914,49.259521082848224,2323.076863434605,0
51.85129828730676,15.730119167736243,55.49559631433196,843.7295787165041,1
53.546509203483055,11.48932258425004,66.02815525556946,721.1508909030433,1
51.715628400259725,5.916829628155067,103.06795116093419,598.758677263068,1
54.64084139801316,26.067672494216836,31.24759223215741,755.703894902215,0
64.93728795198646,26.18645846830434,88.44409382129601,2407.0647850152714,0
47.94781754552205,8.290131111009973,90.19888779366168,719.4408763159963,0
55.63505636382769,20.15331300879843,101.87902023209729,2094.780623076185,0
43.6539645856916,29.658856499835856,113.94776451542819,3390.0339004225616,0
66.6017582317421,10.849073736246543,31.812406405436086,295.90844029591955,1
34.85411546911095,14.256782114566267,43.84053349618946,624.7271983808807,0
72.01410649366224,14.147790404165121,109.75541646503937,1591.996766834768,1
44.39763074033485,8.766930641263881,71.26667059683137,615.3768914019054,0
23.538373468229278,14.487100939267723,80.81315750401171,1230.4040172741097,0
46.92156622366184,3.6026732040380587,89.67244833508326,374.1362963963849,0
34.78422513787679,13.573337179680712,91.11599440460736,1282.6938572485533,1
57.60965323483086,13.739310800762048,113.85663629848574,1541.3288742205716,1
35.210640310464136,15.881942733575,119.72544756705027,1847.4805796224543,0
38.307248501778304,23.654060810868923,94.81417148378462,2212.060797741456,1
16.656889035817034,5.459331956867132,55.84990882846357,314.71523908868295,0
38.21540521126385,6.5088365399773105,109.17771620649093,737.9092442726989,1
8.64181010056565,8.571401661871452,34.429882308668546,186.53378020053765,0
21.24145764771415,4.908939863058274,50.797276758704655,248.95511673502133,0
56.40621984216446,25.589104649178623,110.76471457173434,2842.2743338786695,1
56.787002379762484,10.456411132054129,53.05723629954194,540.9110634627791,1
51.38186342677447,16.264074545435676,49.85859536595736,875.4676037134382,0
30.495357853061805,7.937727689760894,42.43127638262225,357.8969211667817,0
44.2843296578703,12.441635464450016,107.32005818822249,1400.7466374054732,1
44.945961913641476,20.863996523895672,75.0052433271978,1554.1111100350925,1
27.624529662111858,21.602711659418688,90.74038827487394,2007.112318391144,0
67.55097452650726,6.77440487246194,51.515974566752675,430.7433888410107,1
58.16043435863507,15.647632561300213,98.22363789100949,1602.5520670163546,1
41.68553739255504,8.059376582402354,98.40049904658886,738.4395980413468,1
45.40328758491796,15.204216042083926,58.13382224174701,871.1953888385062,0
48.125742119213285,9.734445376508411,66.96143697092546,634.5742152534949,0
14.373976973635642,53.28466176250168,48.872124968718076,2628.5973753266717,0
41.29233926219105,29.541618013078413,117.89049209906139,3516.9935627150367,1
34.77023628003302,22.28500880303534,88.10423193525705,1921.4589505605836,1
29.975699851576266,13.319327974375812,114.1089492643964,1523.2464457597519,1
40.78349560671067,30.131773565069345,57.30469892662198,1625.6958456636391,0
71.96529790274283,15.999240919665505,100.37018216972008,1677.943975974161,1
54.61264291900515,49.76620843166164,98.92727794962678,4897.616821984217,0
36.432315153258045,32.214440850601754,92.24900866798873,2974.543430253796,1
53.58874172034238,12.368715332074345,116.90750777401203,1430.5131981396203,1
